{"front":{"rot":[0.016082942485809326,0.18340541422367096,0.977870762348175,-0.1547214835882187],"trans":[0.110488161444664,1.4771296977996826,1.7394312620162964]},"left":{"rot":[0.14444296061992645,-0.2774423062801361,0.9185269474983215,-0.2249181717634201],"trans":[-0.41408661007881165,1.3554428815841675,1.6930593252182007]}}